Workbook

Sheet Read Me
B2: Asian Paints | Chain Reaction - Round 1
B3: Lifecycle-Driven Inventory Model (illustrative)
B5: WHAT THIS IS | D5: A working demo of a lifecycle-driven inventory framework on an illustrative 20-SKU
D6: portfolio using real Asian Paints product names. Data is synthetic - replace the blue
D7: cells with real SKU volumes to run it for real.
B8: FLOW | D8: 1) SKU Data -> 2) Classification -> 3) Policy & Inventory -> 4) Metrics Dashboard.
D9: Live formulas: change a volume and the SKU re-classifies, its policy re-selects, and
D10: the working-capital number updates automatically.
B11: SAFETY STOCK | D11: Formula-driven: SS = z x sigma x sqrt(Lead Time). z = service-level factor
D12: (NORMSINV of the stage's fill-rate target); sigma = demand volatility; LT = lead time.
D13: A volatile launch auto-gets a big buffer; a stable mature SKU auto-gets a small one -
D14: the differentiation falls out of the maths, it is not hand-picked.
B15: POLICY LEVERS | D15: Lifecycle STAGE sets: service target (z), lead time, cycle-stock cadence, deploy mode,
D16: and distribution reach. Cycle/reorder days are policy choices; safety stock is computed.
B17: BASELINE | D17: 'One-size' = a flat finished-goods days-of-cover applied to every SKU (status quo).
D18: Company DIO ~118 days includes RM/WIP/pipeline and is NOT comparable to FG cover.
B19: HOW TO READ | D19: Blue = editable input. Black = formula. Yellow = assumptions/thresholds.
B20: CAVEAT | D20: Impact figures are illustrative, on the finished-goods buffer - directional, not a
D21: company-wide guarantee. Real deployment adds hysteresis + SKU x region granularity.

Sheet SKU Data
A1: SKU DATA - illustrative (edit blue cells) | K1: Monthly volume (KL) - trailing 24 months / 8 quarters (col 1 = oldest)
A2: SKU ID | B2: SKU Name | C2: Category | D2: Launch | E2: Age (mo) | F2: Shelf life (mo) | G2: Unit cost (Rs/L) | H2: Svc class | I2: Reach (/160) | J2: Phase-out? | K2: 1 | L2: 2 | M2: 3 | N2: 4 | O2: 5 | P2: 6 | Q2: 7 | R2: 8 | S2: 9 | T2: 10 | U2: 11 | V2: 12 | W2: 13 | X2: 14 | Y2: 15 | Z2: 16 | AA2: 17 | AB2: 18 | AC2: 19 | AD2: 20 | AE2: 21 | AF2: 22 | AG2: 23 | AH2: 24
A3: SKU01 | B3: Neo Bharat Latex Emulsion | C3: Interior emulsion (value) | D3: 2025 | E3: 8 | F3: 24 | G3: 90 | H3: B | I3: 35 | J3: N | K3: 62 | L3: 21 | M3: 39 | N3: 54 | O3: 34 | P3: 58 | Q3: 64 | R3: 32 | S3: 100 | T3: 97 | U3: 76 | V3: 93 | W3: 114 | X3: 104 | Y3: 111 | Z3: 91 | AA3: 142 | AB3: 139 | AC3: 148 | AD3: 115 | AE3: 192 | AF3: 165 | AG3: 160 | AH3: 220
A4: SKU02 | B4: Royale Health Shield | C4: Interior emulsion (premium) | D4: 2025 | E4: 7 | F4: 18 | G4: 320 | H4: A | I4: 40 | J4: N | K4: 24 | L4: 8 | M4: 29 | N4: 8 | O4: 74 | P4: 48 | Q4: 48 | R4: 94 | S4: 41 | T4: 95 | U4: 45 | V4: 82 | W4: 77 | X4: 142 | Y4: 155 | Z4: 116 | AA4: 148 | AB4: 132 | AC4: 155 | AD4: 132 | AE4: 118 | AF4: 122 | AG4: 177 | AH4: 224
A5: SKU03 | B5: SmartCare Dampproof Ultra | C5: Waterproofing | D5: 2025 | E5: 9 | F5: 12 | G5: 210 | H5: B | I5: 28 | J5: N | K5: 31 | L5: 20 | M5: 80 | N5: 50 | O5: 53 | P5: 63 | Q5: 61 | R5: 64 | S5: 46 | T5: 95 | U5: 88 | V5: 123 | W5: 95 | X5: 68 | Y5: 114 | Z5: 160 | AA5: 121 | AB5: 116 | AC5: 116 | AD5: 126 | AE5: 149 | AF5: 136 | AG5: 201 | AH5: 169
A6: SKU04 | B6: Beautiful Home Texture - Marrakesh | C6: Textures (decor) | D6: 2026 | E6: 6 | F6: 12 | G6: 400 | H6: C | I6: 22 | J6: N | K6: 27 | L6: 63 | M6: 71 | N6: 40 | O6: 58 | P6: 74 | Q6: 60 | R6: 32 | S6: 92 | T6: 103 | U6: 99 | V6: 76 | W6: 99 | X6: 97 | Y6: 110 | Z6: 151 | AA6: 163 | AB6: 151 | AC6: 154 | AD6: 164 | AE6: 155 | AF6: 160 | AG6: 154 | AH6: 174
A7: SKU05 | B7: SmartCare Damp Block | C7: Waterproofing | D7: 2024 | E7: 24 | F7: 12 | G7: 180 | H7: A | I7: 95 | J7: N | K7: 173 | L7: 142 | M7: 115 | N7: 118 | O7: 114 | P7: 156 | Q7: 164 | R7: 120 | S7: 181 | T7: 159 | U7: 222 | V7: 193 | W7: 244 | X7: 190 | Y7: 202 | Z7: 226 | AA7: 254 | AB7: 248 | AC7: 205 | AD7: 251 | AE7: 254 | AF7: 249 | AG7: 250 | AH7: 324
A8: SKU06 | B8: Apcolite All Protek Enamel | C8: Enamel | D8: 2024 | E8: 22 | F8: 24 | G8: 240 | H8: B | I8: 80 | J8: N | K8: 99 | L8: 93 | M8: 142 | N8: 135 | O8: 137 | P8: 168 | Q8: 167 | R8: 170 | S8: 194 | T8: 183 | U8: 164 | V8: 179 | W8: 181 | X8: 209 | Y8: 180 | Z8: 166 | AA8: 227 | AB8: 195 | AC8: 184 | AD8: 257 | AE8: 234 | AF8: 275 | AG8: 253 | AH8: 244
A9: SKU07 | B9: TruCare Wall Putty | C9: Putty / ancillary | D9: 2024 | E9: 28 | F9: 12 | G9: 40 | H9: B | I9: 110 | J9: N | K9: 75 | L9: 103 | M9: 117 | N9: 108 | O9: 131 | P9: 103 | Q9: 153 | R9: 110 | S9: 162 | T9: 194 | U9: 212 | V9: 237 | W9: 153 | X9: 225 | Y9: 244 | Z9: 245 | AA9: 199 | AB9: 243 | AC9: 291 | AD9: 204 | AE9: 267 | AF9: 292 | AG9: 248 | AH9: 291
A10: SKU08 | B10: Royale Aspira | C10: Interior emulsion (premium) | D10: 2024 | E10: 26 | F10: 24 | G10: 300 | H10: A | I10: 90 | J10: N | K10: 80 | L10: 94 | M10: 101 | N10: 137 | O10: 136 | P10: 173 | Q10: 127 | R10: 157 | S10: 194 | T10: 190 | U10: 145 | V10: 208 | W10: 183 | X10: 214 | Y10: 219 | Z10: 252 | AA10: 228 | AB10: 180 | AC10: 201 | AD10: 267 | AE10: 246 | AF10: 293 | AG10: 275 | AH10: 254
A11: SKU09 | B11: Apcolite Premium Emulsion | C11: Interior emulsion | D11: 2016 | E11: 120 | F11: 24 | G11: 200 | H11: A | I11: 158 | J11: N | K11: 572 | L11: 618 | M11: 596 | N11: 561 | O11: 568 | P11: 543 | Q11: 560 | R11: 564 | S11: 580 | T11: 620 | U11: 575 | V11: 598 | W11: 543 | X11: 616 | Y11: 599 | Z11: 559 | AA11: 595 | AB11: 560 | AC11: 525 | AD11: 611 | AE11: 570 | AF11: 587 | AG11: 557 | AH11: 546
A12: SKU10 | B12: Tractor Emulsion Sparc | C12: Interior emulsion (economy) | D12: 2014 | E12: 140 | F12: 24 | G12: 110 | H12: A | I12: 160 | J12: N | K12: 858 | L12: 806 | M12: 806 | N12: 838 | O12: 827 | P12: 867 | Q12: 847 | R12: 926 | S12: 829 | T12: 829 | U12: 789 | V12: 843 | W12: 877 | X12: 806 | Y12: 841 | Z12: 881 | AA12: 839 | AB12: 820 | AC12: 896 | AD12: 852 | AE12: 868 | AF12: 908 | AG12: 907 | AH12: 833
A13: SKU11 | B13: Apex Ultima Exterior | C13: Exterior emulsion (premium) | D13: 2018 | E13: 96 | F13: 24 | G13: 280 | H13: A | I13: 157 | J13: N | K13: 839 | L13: 853 | M13: 807 | N13: 793 | O13: 885 | P13: 650 | Q13: 799 | R13: 856 | S13: 769 | T13: 900 | U13: 794 | V13: 857 | W13: 781 | X13: 826 | Y13: 863 | Z13: 815 | AA13: 803 | AB13: 833 | AC13: 786 | AD13: 857 | AE13: 853 | AF13: 828 | AG13: 941 | AH13: 827
A14: SKU12 | B14: Ace Exterior Emulsion | C14: Exterior emulsion (economy) | D14: 2015 | E14: 132 | F14: 24 | G14: 150 | H14: A | I14: 159 | J14: N | K14: 680 | L14: 779 | M14: 829 | N14: 766 | O14: 740 | P14: 778 | Q14: 742 | R14: 795 | S14: 765 | T14: 830 | U14: 790 | V14: 735 | W14: 796 | X14: 812 | Y14: 744 | Z14: 751 | AA14: 666 | AB14: 813 | AC14: 746 | AD14: 676 | AE14: 693 | AF14: 764 | AG14: 810 | AH14: 772
... A22: SKU20 | B22: Regional Distemper (legacy) | C22: Distemper (regional) | D22: 2015 | E22: 130 | F22: 24 | G22: 60 | H22: C | I22: 38 | J22: N | K22: 79 | L22: 93 | M22: 96 | N22: 81 | O22: 80 | P22: 83 | Q22: 88 | R22: 77 | S22: 79 | T22: 81 | U22: 68 | V22: 67 | W22: 63 | X22: 55 | Y22: 60 | Z22: 49 | AA22: 43 | AB22: 50 | AC22: 54 | AD22: 48 | AE22: 43 | AF22: 38 | AG22: 25 | AH22: 28

Sheet Classification
A1: CLASSIFICATION - signals & lifecycle stage (formulas)
A2: SKU ID | B2: SKU Name | C2: Category | D2: Age (mo) | E2: Velocity (KL/mo) | F2: CV | G2: Trend %/mo | H2: Growth: recent 2Q vs prior 2Q | I2: Reach | J2: Phase-out | K2: LIFECYCLE STAGE | M2: Classification thresholds
A3: ='SKU Data'!A3 -> SKU01 | B3: ='SKU Data'!B3 -> Neo Bharat Latex Emulsion | C3: ='SKU Data'!C3 -> Interior emulsion (value) | D3: ='SKU Data'!E3 -> 8 | E3: =AVERAGE('SKU Data'!W3:AH3) -> 141.75 | F3: =STDEV('SKU Data'!W3:AH3)/AVERAGE('SKU Data'!W3:AH3) -> 0.2690568 | G3: =SLOPE('SKU Data'!K3:AH3,'SKU Data'!$K$2:$AH$2)/AVERAGE('SKU Data'!K3:AH3) -> 0.066982634 | H3: =AVERAGE('SKU Data'!AC3:AH3)/AVERAGE('SKU Data'!W3:AB3)-1 -> 0.42653352 | I3: ='SKU Data'!I3 -> 35 | J3: ='SKU Data'!J3 -> N | K3: =IF($J3="Y","Exit",IF(AND($D3<=$N$3,$H3>=$N$4),"Introduction",IF($H3>=$N$5,"Growth",IF(AND($H3<=$N$7,$E3<$N$8),"Exit",IF($H3<=$N$6,"Decline","Maturity"))))) -> Introduction | M3: Intro max age (mo) | N3: 9
A4: ='SKU Data'!A4 -> SKU02 | B4: ='SKU Data'!B4 -> Royale Health Shield | C4: ='SKU Data'!C4 -> Interior emulsion (premium) | D4: ='SKU Data'!E4 -> 7 | E4: =AVERAGE('SKU Data'!W4:AH4) -> 141.5 | F4: =STDEV('SKU Data'!W4:AH4)/AVERAGE('SKU Data'!W4:AH4) -> 0.25567203 | G4: =SLOPE('SKU Data'!K4:AH4,'SKU Data'!$K$2:$AH$2)/AVERAGE('SKU Data'!K4:AH4) -> 0.07536333 | H4: =AVERAGE('SKU Data'!AC4:AH4)/AVERAGE('SKU Data'!W4:AB4)-1 -> 0.20519481 | I4: ='SKU Data'!I4 -> 40 | J4: ='SKU Data'!J4 -> N | K4: =IF($J4="Y","Exit",IF(AND($D4<=$N$3,$H4>=$N$4),"Introduction",IF($H4>=$N$5,"Growth",IF(AND($H4<=$N$7,$E4<$N$8),"Exit",IF($H4<=$N$6,"Decline","Maturity"))))) -> Introduction | M4: Intro min growth | N4: 0.08
A5: ='SKU Data'!A5 -> SKU03 | B5: ='SKU Data'!B5 -> SmartCare Dampproof Ultra | C5: ='SKU Data'!C5 -> Waterproofing | D5: ='SKU Data'!E5 -> 9 | E5: =AVERAGE('SKU Data'!W5:AH5) -> 130.91667 | F5: =STDEV('SKU Data'!W5:AH5)/AVERAGE('SKU Data'!W5:AH5) -> 0.26920333 | G5: =SLOPE('SKU Data'!K5:AH5,'SKU Data'!$K$2:$AH$2)/AVERAGE('SKU Data'!K5:AH5) -> 0.059756373 | H5: =AVERAGE('SKU Data'!AC5:AH5)/AVERAGE('SKU Data'!W5:AB5)-1 -> 0.33086053 | I5: ='SKU Data'!I5 -> 28 | J5: ='SKU Data'!J5 -> N | K5: =IF($J5="Y","Exit",IF(AND($D5<=$N$3,$H5>=$N$4),"Introduction",IF($H5>=$N$5,"Growth",IF(AND($H5<=$N$7,$E5<$N$8),"Exit",IF($H5<=$N$6,"Decline","Maturity"))))) -> Introduction | M5: Growth min growth | N5: 0.15
A6: ='SKU Data'!A6 -> SKU04 | B6: ='SKU Data'!B6 -> Beautiful Home Texture - Marrakesh | C6: ='SKU Data'!C6 -> Textures (decor) | D6: ='SKU Data'!E6 -> 6 | E6: =AVERAGE('SKU Data'!W6:AH6) -> 144.33333 | F6: =STDEV('SKU Data'!W6:AH6)/AVERAGE('SKU Data'!W6:AH6) -> 0.18360178 | G6: =SLOPE('SKU Data'!K6:AH6,'SKU Data'!$K$2:$AH$2)/AVERAGE('SKU Data'!K6:AH6) -> 0.058689974 | H6: =AVERAGE('SKU Data'!AC6:AH6)/AVERAGE('SKU Data'!W6:AB6)-1 -> 0.2464332 | I6: ='SKU Data'!I6 -> 22 | J6: ='SKU Data'!J6 -> N | K6: =IF($J6="Y","Exit",IF(AND($D6<=$N$3,$H6>=$N$4),"Introduction",IF($H6>=$N$5,"Growth",IF(AND($H6<=$N$7,$E6<$N$8),"Exit",IF($H6<=$N$6,"Decline","Maturity"))))) -> Introduction | M6: Decline max growth | N6: -0.08
A7: ='SKU Data'!A7 -> SKU05 | B7: ='SKU Data'!B7 -> SmartCare Damp Block | C7: ='SKU Data'!C7 -> Waterproofing | D7: ='SKU Data'!E7 -> 24 | E7: =AVERAGE('SKU Data'!W7:AH7) -> 241.41667 | F7: =STDEV('SKU Data'!W7:AH7)/AVERAGE('SKU Data'!W7:AH7) -> 0.14333241 | G7: =SLOPE('SKU Data'!K7:AH7,'SKU Data'!$K$2:$AH$2)/AVERAGE('SKU Data'!K7:AH7) -> 0.034912842 | H7: =AVERAGE('SKU Data'!AC7:AH7)/AVERAGE('SKU Data'!W7:AB7)-1 -> 0.12390029 | I7: ='SKU Data'!I7 -> 95 | J7: ='SKU Data'!J7 -> N | K7: =IF($J7="Y","Exit",IF(AND($D7<=$N$3,$H7>=$N$4),"Introduction",IF($H7>=$N$5,"Growth",IF(AND($H7<=$N$7,$E7<$N$8),"Exit",IF($H7<=$N$6,"Decline","Maturity"))))) -> Maturity | M7: Exit max growth | N7: -0.1
A8: ='SKU Data'!A8 -> SKU06 | B8: ='SKU Data'!B8 -> Apcolite All Protek Enamel | C8: ='SKU Data'!C8 -> Enamel | D8: ='SKU Data'!E8 -> 22 | E8: =AVERAGE('SKU Data'!W8:AH8) -> 217.08333 | F8: =STDEV('SKU Data'!W8:AH8)/AVERAGE('SKU Data'!W8:AH8) -> 0.16597979 | G8: =SLOPE('SKU Data'!K8:AH8,'SKU Data'!$K$2:$AH$2)/AVERAGE('SKU Data'!K8:AH8) -> 0.032132356 | H8: =AVERAGE('SKU Data'!AC8:AH8)/AVERAGE('SKU Data'!W8:AB8)-1 -> 0.24956822 | I8: ='SKU Data'!I8 -> 80 | J8: ='SKU Data'!J8 -> N | K8: =IF($J8="Y","Exit",IF(AND($D8<=$N$3,$H8>=$N$4),"Introduction",IF($H8>=$N$5,"Growth",IF(AND($H8<=$N$7,$E8<$N$8),"Exit",IF($H8<=$N$6,"Decline","Maturity"))))) -> Growth | M8: Exit velocity floor | N8: 60
A9: ='SKU Data'!A9 -> SKU07 | B9: ='SKU Data'!B9 -> TruCare Wall Putty | C9: ='SKU Data'!C9 -> Putty / ancillary | D9: ='SKU Data'!E9 -> 28 | E9: =AVERAGE('SKU Data'!W9:AH9) -> 241.83333 | F9: =STDEV('SKU Data'!W9:AH9)/AVERAGE('SKU Data'!W9:AH9) -> 0.17401162 | G9: =SLOPE('SKU Data'!K9:AH9,'SKU Data'!$K$2:$AH$2)/AVERAGE('SKU Data'!K9:AH9) -> 0.045655288 | H9: =AVERAGE('SKU Data'!AC9:AH9)/AVERAGE('SKU Data'!W9:AB9)-1 -> 0.21695951 | I9: ='SKU Data'!I9 -> 110 | J9: ='SKU Data'!J9 -> N | K9: =IF($J9="Y","Exit",IF(AND($D9<=$N$3,$H9>=$N$4),"Introduction",IF($H9>=$N$5,"Growth",IF(AND($H9<=$N$7,$E9<$N$8),"Exit",IF($H9<=$N$6,"Decline","Maturity"))))) -> Growth
A10: ='SKU Data'!A10 -> SKU08 | B10: ='SKU Data'!B10 -> Royale Aspira | C10: ='SKU Data'!C10 -> Interior emulsion (premium) | D10: ='SKU Data'!E10 -> 26 | E10: =AVERAGE('SKU Data'!W10:AH10) -> 234.33333 | F10: =STDEV('SKU Data'!W10:AH10)/AVERAGE('SKU Data'!W10:AH10) -> 0.15431903 | G10: =SLOPE('SKU Data'!K10:AH10,'SKU Data'!$K$2:$AH$2)/AVERAGE('SKU Data'!K10:AH10) -> 0.040300166 | H10: =AVERAGE('SKU Data'!AC10:AH10)/AVERAGE('SKU Data'!W10:AB10)-1 -> 0.20376176 | I10: ='SKU Data'!I10 -> 90 | J10: ='SKU Data'!J10 -> N | K10: =IF($J10="Y","Exit",IF(AND($D10<=$N$3,$H10>=$N$4),"Introduction",IF($H10>=$N$5,"Growth",IF(AND($H10<=$N$7,$E10<$N$8),"Exit",IF($H10<=$N$6,"Decline","Maturity"))))) -> Growth
A11: ='SKU Data'!A11 -> SKU09 | B11: ='SKU Data'!B11 -> Apcolite Premium Emulsion | C11: ='SKU Data'!C11 -> Interior emulsion | D11: ='SKU Data'!E11 -> 120 | E11: =AVERAGE('SKU Data'!W11:AH11) -> 572.33333 | F11: =STDEV('SKU Data'!W11:AH11)/AVERAGE('SKU Data'!W11:AH11) -> 0.050548215 | G11: =SLOPE('SKU Data'!K11:AH11,'SKU Data'!$K$2:$AH$2)/AVERAGE('SKU Data'!K11:AH11) -> -0.0010500458 | H11: =AVERAGE('SKU Data'!AC11:AH11)/AVERAGE('SKU Data'!W11:AB11)-1 -> -0.021889401 | I11: ='SKU Data'!I11 -> 158 | J11: ='SKU Data'!J11 -> N | K11: =IF($J11="Y","Exit",IF(AND($D11<=$N$3,$H11>=$N$4),"Introduction",IF($H11>=$N$5,"Growth",IF(AND($H11<=$N$7,$E11<$N$8),"Exit",IF($H11<=$N$6,"Decline","Maturity"))))) -> Maturity
A12: ='SKU Data'!A12 -> SKU10 | B12: ='SKU Data'!B12 -> Tractor Emulsion Sparc | C12: ='SKU Data'!C12 -> Interior emulsion (economy) | D12: ='SKU Data'!E12 -> 140 | E12: =AVERAGE('SKU Data'!W12:AH12) -> 860.66667 | F12: =STDEV('SKU Data'!W12:AH12)/AVERAGE('SKU Data'!W12:AH12) -> 0.039492868 | G12: =SLOPE('SKU Data'!K12:AH12,'SKU Data'!$K$2:$AH$2)/AVERAGE('SKU Data'!K12:AH12) -> 0.0021362829 | H12: =AVERAGE('SKU Data'!AC12:AH12)/AVERAGE('SKU Data'!W12:AB12)-1 -> 0.039494471 | I12: ='SKU Data'!I12 -> 160 | J12: ='SKU Data'!J12 -> N | K12: =IF($J12="Y","Exit",IF(AND($D12<=$N$3,$H12>=$N$4),"Introduction",IF($H12>=$N$5,"Growth",IF(AND($H12<=$N$7,$E12<$N$8),"Exit",IF($H12<=$N$6,"Decline","Maturity"))))) -> Maturity
A13: ='SKU Data'!A13 -> SKU11 | B13: ='SKU Data'!B13 -> Apex Ultima Exterior | C13: ='SKU Data'!C13 -> Exterior emulsion (premium) | D13: ='SKU Data'!E13 -> 96 | E13: =AVERAGE('SKU Data'!W13:AH13) -> 834.41667 | F13: =STDEV('SKU Data'!W13:AH13)/AVERAGE('SKU Data'!W13:AH13) -> 0.050797952 | G13: =SLOPE('SKU Data'!K13:AH13,'SKU Data'!$K$2:$AH$2)/AVERAGE('SKU Data'!K13:AH13) -> 0.0023133989 | H13: =AVERAGE('SKU Data'!AC13:AH13)/AVERAGE('SKU Data'!W13:AB13)-1 -> 0.034749035 | I13: ='SKU Data'!I13 -> 157 | J13: ='SKU Data'!J13 -> N | K13: =IF($J13="Y","Exit",IF(AND($D13<=$N$3,$H13>=$N$4),"Introduction",IF($H13>=$N$5,"Growth",IF(AND($H13<=$N$7,$E13<$N$8),"Exit",IF($H13<=$N$6,"Decline","Maturity"))))) -> Maturity
A14: ='SKU Data'!A14 -> SKU12 | B14: ='SKU Data'!B14 -> Ace Exterior Emulsion | C14: ='SKU Data'!C14 -> Exterior emulsion (economy) | D14: ='SKU Data'!E14 -> 132 | E14: =AVERAGE('SKU Data'!W14:AH14) -> 753.58333 | F14: =STDEV('SKU Data'!W14:AH14)/AVERAGE('SKU Data'!W14:AH14) -> 0.069171542 | G14: =SLOPE('SKU Data'!K14:AH14,'SKU Data'!$K$2:$AH$2)/AVERAGE('SKU Data'!K14:AH14) -> -0.0010656362 | H14: =AVERAGE('SKU Data'!AC14:AH14)/AVERAGE('SKU Data'!W14:AB14)-1 -> -0.026407682 | I14: ='SKU Data'!I14 -> 159 | J14: ='SKU Data'!J14 -> N | K14: =IF($J14="Y","Exit",IF(AND($D14<=$N$3,$H14>=$N$4),"Introduction",IF($H14>=$N$5,"Growth",IF(AND($H14<=$N$7,$E14<$N$8),"Exit",IF($H14<=$N$6,"Decline","Maturity"))))) -> Maturity
A15: ='SKU Data'!A15 -> SKU13 | B15: ='SKU Data'!B15 -> Royale Luxury Emulsion | C15: ='SKU Data'!C15 -> Interior emulsion (premium) | D15: ='SKU Data'!E15 -> 108 | E15: =AVERAGE('SKU Data'!W15:AH15) -> 501.66667 | F15: =STDEV('SKU Data'!W15:AH15)/AVERAGE('SKU Data'!W15:AH15) -> 0.055977669 | G15: =SLOPE('SKU Data'!K15:AH15,'SKU Data'!$K$2:$AH$2)/AVERAGE('SKU Data'!K15:AH15) -> -0.001465114 | H15: =AVERAGE('SKU Data'!AC15:AH15)/AVERAGE('SKU Data'!W15:AB15)-1 -> -0.0053015242 | I15: ='SKU Data'!I15 -> 156 | J15: ='SKU Data'!J15 -> N | K15: =IF($J15="Y","Exit",IF(AND($D15<=$N$3,$H15>=$N$4),"Introduction",IF($H15>=$N$5,"Growth",IF(AND($H15<=$N$7,$E15<$N$8),"Exit",IF($H15<=$N$6,"Decline","Maturity"))))) -> Maturity
A16: ='SKU Data'!A16 -> SKU14 | B16: ='SKU Data'!B16 -> Utsav Distemper | C16: ='SKU Data'!C16 -> Distemper | D16: ='SKU Data'!E16 -> 150 | E16: =AVERAGE('SKU Data'!W16:AH16) -> 182 | F16: =STDEV('SKU Data'!W16:AH16)/AVERAGE('SKU Data'!W16:AH16) -> 0.15607772 | G16: =SLOPE('SKU Data'!K16:AH16,'SKU Data'!$K$2:$AH$2)/AVERAGE('SKU Data'!K16:AH16) -> -0.03378891 | H16: =AVERAGE('SKU Data'!AC16:AH16)/AVERAGE('SKU Data'!W16:AB16)-1 -> -0.20394737 | I16: ='SKU Data'!I16 -> 115 | J16: ='SKU Data'!J16 -> N | K16: =IF($J16="Y","Exit",IF(AND($D16<=$N$3,$H16>=$N$4),"Introduction",IF($H16>=$N$5,"Growth",IF(AND($H16<=$N$7,$E16<$N$8),"Exit",IF($H16<=$N$6,"Decline","Maturity"))))) -> Decline
A17: ='SKU Data'!A17 -> SKU15 | B17: ='SKU Data'!B17 -> Apex (legacy exterior) | C17: ='SKU Data'!C17 -> Exterior emulsion (legacy) | D17: ='SKU Data'!E17 -> 132 | E17: =AVERAGE('SKU Data'!W17:AH17) -> 185.08333 | F17: =STDEV('SKU Data'!W17:AH17)/AVERAGE('SKU Data'!W17:AH17) -> 0.16902139 | G17: =SLOPE('SKU Data'!K17:AH17,'SKU Data'!$K$2:$AH$2)/AVERAGE('SKU Data'!K17:AH17) -> -0.031341829 | H17: =AVERAGE('SKU Data'!AC17:AH17)/AVERAGE('SKU Data'!W17:AB17)-1 -> -0.24842271 | I17: ='SKU Data'!I17 -> 100 | J17: ='SKU Data'!J17 -> N | K17: =IF($J17="Y","Exit",IF(AND($D17<=$N$3,$H17>=$N$4),"Introduction",IF($H17>=$N$5,"Growth",IF(AND($H17<=$N$7,$E17<$N$8),"Exit",IF($H17<=$N$6,"Decline","Maturity"))))) -> Decline
A18: ='SKU Data'!A18 -> SKU16 | B18: ='SKU Data'!B18 -> Apcolite Synthetic Enamel | C18: ='SKU Data'!C18 -> Enamel (solvent-based) | D18: ='SKU Data'!E18 -> 144 | E18: =AVERAGE('SKU Data'!W18:AH18) -> 183.58333 | F18: =STDEV('SKU Data'!W18:AH18)/AVERAGE('SKU Data'!W18:AH18) -> 0.27724859 | G18: =SLOPE('SKU Data'!K18:AH18,'SKU Data'!$K$2:$AH$2)/AVERAGE('SKU Data'!K18:AH18) -> -0.037302294 | H18: =AVERAGE('SKU Data'!AC18:AH18)/AVERAGE('SKU Data'!W18:AB18)-1 -> -0.3510479 | I18: ='SKU Data'!I18 -> 120 | J18: ='SKU Data'!J18 -> N | K18: =IF($J18="Y","Exit",IF(AND($D18<=$N$3,$H18>=$N$4),"Introduction",IF($H18>=$N$5,"Growth",IF(AND($H18<=$N$7,$E18<$N$8),"Exit",IF($H18<=$N$6,"Decline","Maturity"))))) -> Decline
A19: ='SKU Data'!A19 -> SKU17 | B19: ='SKU Data'!B19 -> Woodtech Melamine (older) | C19: ='SKU Data'!C19 -> Wood finish (legacy) | D19: ='SKU Data'!E19 -> 110 | E19: =AVERAGE('SKU Data'!W19:AH19) -> 189 | F19: =STDEV('SKU Data'!W19:AH19)/AVERAGE('SKU Data'!W19:AH19) -> 0.19741774 | G19: =SLOPE('SKU Data'!K19:AH19,'SKU Data'!$K$2:$AH$2)/AVERAGE('SKU Data'!K19:AH19) -> -0.031271016 | H19: =AVERAGE('SKU Data'!AC19:AH19)/AVERAGE('SKU Data'!W19:AB19)-1 -> -0.24322231 | I19: ='SKU Data'!I19 -> 85 | J19: ='SKU Data'!J19 -> N | K19: =IF($J19="Y","Exit",IF(AND($D19<=$N$3,$H19>=$N$4),"Introduction",IF($H19>=$N$5,"Growth",IF(AND($H19<=$N$7,$E19<$N$8),"Exit",IF($H19<=$N$6,"Decline","Maturity"))))) -> Decline
A20: ='SKU Data'!A20 -> SKU18 | B20: ='SKU Data'!B20 -> Discontinued Shade Family R | C20: ='SKU Data'!C20 -> Interior emulsion (legacy) | D20: ='SKU Data'!E20 -> 160 | E20: =AVERAGE('SKU Data'!W20:AH20) -> 42.583333 | F20: =STDEV('SKU Data'!W20:AH20)/AVERAGE('SKU Data'!W20:AH20) -> 0.25792048 | G20: =SLOPE('SKU Data'!K20:AH20,'SKU Data'!$K$2:$AH$2)/AVERAGE('SKU Data'!K20:AH20) -> -0.0502067 | H20: =AVERAGE('SKU Data'!AC20:AH20)/AVERAGE('SKU Data'!W20:AB20)-1 -> -0.34627832 | I20: ='SKU Data'!I20 -> 45 | J20: ='SKU Data'!J20 -> Y | K20: =IF($J20="Y","Exit",IF(AND($D20<=$N$3,$H20>=$N$4),"Introduction",IF($H20>=$N$5,"Growth",IF(AND($H20<=$N$7,$E20<$N$8),"Exit",IF($H20<=$N$6,"Decline","Maturity"))))) -> Exit
... A22: ='SKU Data'!A22 -> SKU20 | B22: ='SKU Data'!B22 -> Regional Distemper (legacy) | C22: ='SKU Data'!C22 -> Distemper (regional) | D22: ='SKU Data'!E22 -> 130 | E22: =AVERAGE('SKU Data'!W22:AH22) -> 46.333333 | F22: =STDEV('SKU Data'!W22:AH22)/AVERAGE('SKU Data'!W22:AH22) -> 0.25242378 | G22: =SLOPE('SKU Data'!K22:AH22,'SKU Data'!$K$2:$AH$2)/AVERAGE('SKU Data'!K22:AH22) -> -0.042941043 | H22: =AVERAGE('SKU Data'!AC22:AH22)/AVERAGE('SKU Data'!W22:AB22)-1 -> -0.2625 | I22: ='SKU Data'!I22 -> 38 | J22: ='SKU Data'!J22 -> N | K22: =IF($J22="Y","Exit",IF(AND($D22<=$N$3,$H22>=$N$4),"Introduction",IF($H22>=$N$5,"Growth",IF(AND($H22<=$N$7,$E22<$N$8),"Exit",IF($H22<=$N$6,"Decline","Maturity"))))) -> Exit

Sheet Policy & Inventory
A1: POLICY & INVENTORY - SS = z x sigma x sqrt(LT); stage sets the levers
A2: Stage | B2: Target SL | C2: z (=NORMSINV) | D2: Lead time (days) | E2: Cycle days | F2: Reorder days | G2: Deploy mode | H2: Reach | J2: Baseline (status quo)
A3: Introduction | B3: 0.98 | C3: =NORMSINV(B3) -> 2.0537489 | D3: 21 | E3: 24 | F3: 17 | G3: Pull (central) | H3: 40 | J3: One-size FG cover (days) | K3: 36
A4: Growth | B4: 0.97 | C4: =NORMSINV(B4) -> 1.8807936 | D4: 18 | E4: 30 | F4: 16 | G4: Push + Pull | H4: 110 | J4: Flat buffer applied to every SKU regardless of stage
A5: Maturity | B5: 0.96 | C5: =NORMSINV(B5) -> 1.7506861 | D5: 14 | E5: 28 | F5: 8 | G5: Push | H5: 160
A6: Decline | B6: 0.92 | C6: =NORMSINV(B6) -> 1.4050716 | D6: 18 | E6: 12 | F6: 4 | G6: Pull | H6: 70
A7: Exit | B7: 0.85 | C7: =NORMSINV(B7) -> 1.0364334 | D7: 21 | E7: 6 | F7: 1 | G7: MTO / central | H7: 20
A10: SKU Name | B10: Stage | C10: Velocity (KL/mo) | D10: Daily dmd (KL) | E10: CV | F10: Sigma (KL) | G10: Unit cost | H10: z | I10: LT days | J10: Cycle days | K10: Reorder days | L10: SS (KL) | M10: SS days | N10: Planned days cover | O10: Planned stock (KL) | P10: Lifecycle inv (Rs L) | Q10: Baseline days | R10: Baseline inv (Rs L) | S10: WC released (Rs L)
A11: =Classification!B3 -> Neo Bharat Latex Emulsion | B11: =Classification!K3 -> Introduction | C11: =Classification!E3 -> 141.75 | D11: =C11/30 -> 4.725 | E11: =Classification!F3 -> 0.2690568 | F11: =E11*C11 -> 38.138802 | G11: ='SKU Data'!G3 -> 90 | H11: =INDEX($C$3:$C$7,MATCH($B11,$A$3:$A$7,0)) -> 2.0537489 | I11: =INDEX($D$3:$D$7,MATCH($B11,$A$3:$A$7,0)) -> 21 | J11: =INDEX($E$3:$E$7,MATCH($B11,$A$3:$A$7,0)) -> 24 | K11: =INDEX($F$3:$F$7,MATCH($B11,$A$3:$A$7,0)) -> 17 | L11: =H11*F11*SQRT(I11/30) -> 65.533507 | M11: =L11/D11 -> 13.869525 | N11: =M11+J11/2+K11 -> 42.869525 | O11: =N11*D11 -> 202.55851 | P11: =O11*G11/100 -> 182.30266 | Q11: =$K$3 -> 36 | R11: =Q11*D11*G11/100 -> 153.09 | S11: =R11-P11 -> -29.212656
A12: =Classification!B4 -> Royale Health Shield | B12: =Classification!K4 -> Introduction | C12: =Classification!E4 -> 141.5 | D12: =C12/30 -> 4.7166667 | E12: =Classification!F4 -> 0.25567203 | F12: =E12*C12 -> 36.177592 | G12: ='SKU Data'!G4 -> 320 | H12: =INDEX($C$3:$C$7,MATCH($B12,$A$3:$A$7,0)) -> 2.0537489 | I12: =INDEX($D$3:$D$7,MATCH($B12,$A$3:$A$7,0)) -> 21 | J12: =INDEX($E$3:$E$7,MATCH($B12,$A$3:$A$7,0)) -> 24 | K12: =INDEX($F$3:$F$7,MATCH($B12,$A$3:$A$7,0)) -> 17 | L12: =H12*F12*SQRT(I12/30) -> 62.163581 | M12: =L12/D12 -> 13.179558 | N12: =M12+J12/2+K12 -> 42.179558 | O12: =N12*D12 -> 198.94691 | P12: =O12*G12/100 -> 636.63013 | Q12: =$K$3 -> 36 | R12: =Q12*D12*G12/100 -> 543.36 | S12: =R12-P12 -> -93.270126
A13: =Classification!B5 -> SmartCare Dampproof Ultra | B13: =Classification!K5 -> Introduction | C13: =Classification!E5 -> 130.91667 | D13: =C13/30 -> 4.3638889 | E13: =Classification!F5 -> 0.26920333 | F13: =E13*C13 -> 35.243203 | G13: ='SKU Data'!G5 -> 210 | H13: =INDEX($C$3:$C$7,MATCH($B13,$A$3:$A$7,0)) -> 2.0537489 | I13: =INDEX($D$3:$D$7,MATCH($B13,$A$3:$A$7,0)) -> 21 | J13: =INDEX($E$3:$E$7,MATCH($B13,$A$3:$A$7,0)) -> 24 | K13: =INDEX($F$3:$F$7,MATCH($B13,$A$3:$A$7,0)) -> 17 | L13: =H13*F13*SQRT(I13/30) -> 60.558029 | M13: =L13/D13 -> 13.877079 | N13: =M13+J13/2+K13 -> 42.877079 | O13: =N13*D13 -> 187.11081 | P13: =O13*G13/100 -> 392.93269 | Q13: =$K$3 -> 36 | R13: =Q13*D13*G13/100 -> 329.91 | S13: =R13-P13 -> -63.022695
A14: =Classification!B6 -> Beautiful Home Texture - Marrakesh | B14: =Classification!K6 -> Introduction | C14: =Classification!E6 -> 144.33333 | D14: =C14/30 -> 4.8111111 | E14: =Classification!F6 -> 0.18360178 | F14: =E14*C14 -> 26.499857 | G14: ='SKU Data'!G6 -> 400 | H14: =INDEX($C$3:$C$7,MATCH($B14,$A$3:$A$7,0)) -> 2.0537489 | I14: =INDEX($D$3:$D$7,MATCH($B14,$A$3:$A$7,0)) -> 21 | J14: =INDEX($E$3:$E$7,MATCH($B14,$A$3:$A$7,0)) -> 24 | K14: =INDEX($F$3:$F$7,MATCH($B14,$A$3:$A$7,0)) -> 17 | L14: =H14*F14*SQRT(I14/30) -> 45.534429 | M14: =L14/D14 -> 9.464431 | N14: =M14+J14/2+K14 -> 38.464431 | O14: =N14*D14 -> 185.05665 | P14: =O14*G14/100 -> 740.22661 | Q14: =$K$3 -> 36 | R14: =Q14*D14*G14/100 -> 692.8 | S14: =R14-P14 -> -47.426606
A15: =Classification!B7 -> SmartCare Damp Block | B15: =Classification!K7 -> Maturity | C15: =Classification!E7 -> 241.41667 | D15: =C15/30 -> 8.0472222 | E15: =Classification!F7 -> 0.14333241 | F15: =E15*C15 -> 34.602833 | G15: ='SKU Data'!G7 -> 180 | H15: =INDEX($C$3:$C$7,MATCH($B15,$A$3:$A$7,0)) -> 1.7506861 | I15: =INDEX($D$3:$D$7,MATCH($B15,$A$3:$A$7,0)) -> 14 | J15: =INDEX($E$3:$E$7,MATCH($B15,$A$3:$A$7,0)) -> 28 | K15: =INDEX($F$3:$F$7,MATCH($B15,$A$3:$A$7,0)) -> 8 | L15: =H15*F15*SQRT(I15/30) -> 41.383129 | M15: =L15/D15 -> 5.1425359 | N15: =M15+J15/2+K15 -> 27.142536 | O15: =N15*D15 -> 218.42202 | P15: =O15*G15/100 -> 393.15963 | Q15: =$K$3 -> 36 | R15: =Q15*D15*G15/100 -> 521.46 | S15: =R15-P15 -> 128.30037
A16: =Classification!B8 -> Apcolite All Protek Enamel | B16: =Classification!K8 -> Growth | C16: =Classification!E8 -> 217.08333 | D16: =C16/30 -> 7.2361111 | E16: =Classification!F8 -> 0.16597979 | F16: =E16*C16 -> 36.031447 | G16: ='SKU Data'!G8 -> 240 | H16: =INDEX($C$3:$C$7,MATCH($B16,$A$3:$A$7,0)) -> 1.8807936 | I16: =INDEX($D$3:$D$7,MATCH($B16,$A$3:$A$7,0)) -> 18 | J16: =INDEX($E$3:$E$7,MATCH($B16,$A$3:$A$7,0)) -> 30 | K16: =INDEX($F$3:$F$7,MATCH($B16,$A$3:$A$7,0)) -> 16 | L16: =H16*F16*SQRT(I16/30) -> 52.492646 | M16: =L16/D16 -> 7.254262 | N16: =M16+J16/2+K16 -> 38.254262 | O16: =N16*D16 -> 276.81209 | P16: =O16*G16/100 -> 664.34902 | Q16: =$K$3 -> 36 | R16: =Q16*D16*G16/100 -> 625.2 | S16: =R16-P16 -> -39.149017
A17: =Classification!B9 -> TruCare Wall Putty | B17: =Classification!K9 -> Growth | C17: =Classification!E9 -> 241.83333 | D17: =C17/30 -> 8.0611111 | E17: =Classification!F9 -> 0.17401162 | F17: =E17*C17 -> 42.081811 | G17: ='SKU Data'!G9 -> 40 | H17: =INDEX($C$3:$C$7,MATCH($B17,$A$3:$A$7,0)) -> 1.8807936 | I17: =INDEX($D$3:$D$7,MATCH($B17,$A$3:$A$7,0)) -> 18 | J17: =INDEX($E$3:$E$7,MATCH($B17,$A$3:$A$7,0)) -> 30 | K17: =INDEX($F$3:$F$7,MATCH($B17,$A$3:$A$7,0)) -> 16 | L17: =H17*F17*SQRT(I17/30) -> 61.307158 | M17: =L17/D17 -> 7.6052987 | N17: =M17+J17/2+K17 -> 38.605299 | O17: =N17*D17 -> 311.2016 | P17: =O17*G17/100 -> 124.48064 | Q17: =$K$3 -> 36 | R17: =Q17*D17*G17/100 -> 116.08 | S17: =R17-P17 -> -8.4006409
A18: =Classification!B10 -> Royale Aspira | B18: =Classification!K10 -> Growth | C18: =Classification!E10 -> 234.33333 | D18: =C18/30 -> 7.8111111 | E18: =Classification!F10 -> 0.15431903 | F18: =E18*C18 -> 36.162093 | G18: ='SKU Data'!G10 -> 300 | H18: =INDEX($C$3:$C$7,MATCH($B18,$A$3:$A$7,0)) -> 1.8807936 | I18: =INDEX($D$3:$D$7,MATCH($B18,$A$3:$A$7,0)) -> 18 | J18: =INDEX($E$3:$E$7,MATCH($B18,$A$3:$A$7,0)) -> 30 | K18: =INDEX($F$3:$F$7,MATCH($B18,$A$3:$A$7,0)) -> 16 | L18: =H18*F18*SQRT(I18/30) -> 52.682979 | M18: =L18/D18 -> 6.7446203 | N18: =M18+J18/2+K18 -> 37.74462 | O18: =N18*D18 -> 294.82742 | P18: =O18*G18/100 -> 884.48227 | Q18: =$K$3 -> 36 | R18: =Q18*D18*G18/100 -> 843.6 | S18: =R18-P18 -> -40.88227
A19: =Classification!B11 -> Apcolite Premium Emulsion | B19: =Classification!K11 -> Maturity | C19: =Classification!E11 -> 572.33333 | D19: =C19/30 -> 19.077778 | E19: =Classification!F11 -> 0.050548215 | F19: =E19*C19 -> 28.930429 | G19: ='SKU Data'!G11 -> 200 | H19: =INDEX($C$3:$C$7,MATCH($B19,$A$3:$A$7,0)) -> 1.7506861 | I19: =INDEX($D$3:$D$7,MATCH($B19,$A$3:$A$7,0)) -> 14 | J19: =INDEX($E$3:$E$7,MATCH($B19,$A$3:$A$7,0)) -> 28 | K19: =INDEX($F$3:$F$7,MATCH($B19,$A$3:$A$7,0)) -> 8 | L19: =H19*F19*SQRT(I19/30) -> 34.599238 | M19: =L19/D19 -> 1.8135885 | N19: =M19+J19/2+K19 -> 23.813588 | O19: =N19*D19 -> 454.31035 | P19: =O19*G19/100 -> 908.6207 | Q19: =$K$3 -> 36 | R19: =Q19*D19*G19/100 -> 1373.6 | S19: =R19-P19 -> 464.9793
A20: =Classification!B12 -> Tractor Emulsion Sparc | B20: =Classification!K12 -> Maturity | C20: =Classification!E12 -> 860.66667 | D20: =C20/30 -> 28.688889 | E20: =Classification!F12 -> 0.039492868 | F20: =E20*C20 -> 33.990195 | G20: ='SKU Data'!G12 -> 110 | H20: =INDEX($C$3:$C$7,MATCH($B20,$A$3:$A$7,0)) -> 1.7506861 | I20: =INDEX($D$3:$D$7,MATCH($B20,$A$3:$A$7,0)) -> 14 | J20: =INDEX($E$3:$E$7,MATCH($B20,$A$3:$A$7,0)) -> 28 | K20: =INDEX($F$3:$F$7,MATCH($B20,$A$3:$A$7,0)) -> 8 | L20: =H20*F20*SQRT(I20/30) -> 40.650446 | M20: =L20/D20 -> 1.4169404 | N20: =M20+J20/2+K20 -> 23.41694 | O20: =N20*D20 -> 671.806 | P20: =O20*G20/100 -> 738.9866 | Q20: =$K$3 -> 36 | R20: =Q20*D20*G20/100 -> 1136.08 | S20: =R20-P20 -> 397.0934
A21: =Classification!B13 -> Apex Ultima Exterior | B21: =Classification!K13 -> Maturity | C21: =Classification!E13 -> 834.41667 | D21: =C21/30 -> 27.813889 | E21: =Classification!F13 -> 0.050797952 | F21: =E21*C21 -> 42.386658 | G21: ='SKU Data'!G13 -> 280 | H21: =INDEX($C$3:$C$7,MATCH($B21,$A$3:$A$7,0)) -> 1.7506861 | I21: =INDEX($D$3:$D$7,MATCH($B21,$A$3:$A$7,0)) -> 14 | J21: =INDEX($E$3:$E$7,MATCH($B21,$A$3:$A$7,0)) -> 28 | K21: =INDEX($F$3:$F$7,MATCH($B21,$A$3:$A$7,0)) -> 8 | L21: =H21*F21*SQRT(I21/30) -> 50.692165 | M21: =L21/D21 -> 1.8225486 | N21: =M21+J21/2+K21 -> 23.822549 | O21: =N21*D21 -> 662.59772 | P21: =O21*G21/100 -> 1855.2736 | Q21: =$K$3 -> 36 | R21: =Q21*D21*G21/100 -> 2803.64 | S21: =R21-P21 -> 948.36638
A22: =Classification!B14 -> Ace Exterior Emulsion | B22: =Classification!K14 -> Maturity | C22: =Classification!E14 -> 753.58333 | D22: =C22/30 -> 25.119444 | E22: =Classification!F14 -> 0.069171542 | F22: =E22*C22 -> 52.126521 | G22: ='SKU Data'!G14 -> 150 | H22: =INDEX($C$3:$C$7,MATCH($B22,$A$3:$A$7,0)) -> 1.7506861 | I22: =INDEX($D$3:$D$7,MATCH($B22,$A$3:$A$7,0)) -> 14 | J22: =INDEX($E$3:$E$7,MATCH($B22,$A$3:$A$7,0)) -> 28 | K22: =INDEX($F$3:$F$7,MATCH($B22,$A$3:$A$7,0)) -> 8 | L22: =H22*F22*SQRT(I22/30) -> 62.340519 | M22: =L22/D22 -> 2.4817634 | N22: =M22+J22/2+K22 -> 24.481763 | O22: =N22*D22 -> 614.9683 | P22: =O22*G22/100 -> 922.45244 | Q22: =$K$3 -> 36 | R22: =Q22*D22*G22/100 -> 1356.45 | S22: =R22-P22 -> 433.99756
... A30: =Classification!B22 -> Regional Distemper (legacy) | B30: =Classification!K22 -> Exit | C30: =Classification!E22 -> 46.333333 | D30: =C30/30 -> 1.5444444 | E30: =Classification!F22 -> 0.25242378 | F30: =E30*C30 -> 11.695635 | G30: ='SKU Data'!G22 -> 60 | H30: =INDEX($C$3:$C$7,MATCH($B30,$A$3:$A$7,0)) -> 1.0364334 | I30: =INDEX($D$3:$D$7,MATCH($B30,$A$3:$A$7,0)) -> 21 | J30: =INDEX($E$3:$E$7,MATCH($B30,$A$3:$A$7,0)) -> 6 | K30: =INDEX($F$3:$F$7,MATCH($B30,$A$3:$A$7,0)) -> 1 | L30: =H30*F30*SQRT(I30/30) -> 10.141781 | M30: =L30/D30 -> 6.5666207 | N30: =M30+J30/2+K30 -> 10.566621 | O30: =N30*D30 -> 16.319559 | P30: =O30*G30/100 -> 9.7917352 | Q30: =$K$3 -> 36 | R30: =Q30*D30*G30/100 -> 33.36 | S30: =R30-P30 -> 23.568265
A31: TOTAL | P31: =SUM(P11:P30) -> 10534.426 | R31: =SUM(R11:R30) -> 14189.94 | S31: =SUM(S11:S30) -> 3655.5145

Sheet Metrics Dashboard
A1: METRICS DASHBOARD - inventory productivity by lifecycle stage
A2: Stage | B2: # SKUs | C2: Avg CV | D2: Target SL | E2: Avg planned days cover | F2: Baseline days cover | G2: Lifecycle inv (Rs L) | H2: Baseline inv (Rs L) | I2: WC released (Rs L) | J2: Primary metric focus
A3: Introduction | B3: =COUNTIF(Classification!$K$3:$K$22,"Introduction") -> 4 | C3: =IFERROR(AVERAGEIF(Classification!$K$3:$K$22,"Introduction",Classification!$F$3:$F$22),0) -> 0.24438349 | D3: =INDEX('Policy & Inventory'!$B$3:$B$7,MATCH(A3,'Policy & Inventory'!$A$3:$A$7,0)) -> 0.98 | E3: =IFERROR(AVERAGEIF('Policy & Inventory'!$B$11:$B$30,"Introduction",'Policy & Inventory'!$N$11:$N$30),0) -> 41.597648 | F3: ='Policy & Inventory'!$K$3 -> 36 | G3: =SUMIF('Policy & Inventory'!$B$11:$B$30,"Introduction",'Policy & Inventory'!$P$11:$P$30) -> 1952.0921 | H3: =SUMIF('Policy & Inventory'!$B$11:$B$30,"Introduction",'Policy & Inventory'!$R$11:$R$30) -> 1719.16 | I3: =SUMIF('Policy & Inventory'!$B$11:$B$30,"Introduction",'Policy & Inventory'!$S$11:$S$30) -> -232.93208 | J3: Launch fill rate; time-to-stable-forecast
A4: Growth | B4: =COUNTIF(Classification!$K$3:$K$22,"Growth") -> 3 | C4: =IFERROR(AVERAGEIF(Classification!$K$3:$K$22,"Growth",Classification!$F$3:$F$22),0) -> 0.16477015 | D4: =INDEX('Policy & Inventory'!$B$3:$B$7,MATCH(A4,'Policy & Inventory'!$A$3:$A$7,0)) -> 0.97 | E4: =IFERROR(AVERAGEIF('Policy & Inventory'!$B$11:$B$30,"Growth",'Policy & Inventory'!$N$11:$N$30),0) -> 38.201394 | F4: ='Policy & Inventory'!$K$3 -> 36 | G4: =SUMIF('Policy & Inventory'!$B$11:$B$30,"Growth",'Policy & Inventory'!$P$11:$P$30) -> 1673.3119 | H4: =SUMIF('Policy & Inventory'!$B$11:$B$30,"Growth",'Policy & Inventory'!$R$11:$R$30) -> 1584.88 | I4: =SUMIF('Policy & Inventory'!$B$11:$B$30,"Growth",'Policy & Inventory'!$S$11:$S$30) -> -88.431928 | J4: Footprint expansion + service
A5: Maturity | B5: =COUNTIF(Classification!$K$3:$K$22,"Maturity") -> 6 | C5: =IFERROR(AVERAGEIF(Classification!$K$3:$K$22,"Maturity",Classification!$F$3:$F$22),0) -> 0.06822011 | D5: =INDEX('Policy & Inventory'!$B$3:$B$7,MATCH(A5,'Policy & Inventory'!$A$3:$A$7,0)) -> 0.96 | E5: =IFERROR(AVERAGEIF('Policy & Inventory'!$B$11:$B$30,"Maturity",'Policy & Inventory'!$N$11:$N$30),0) -> 24.447628 | F5: ='Policy & Inventory'!$K$3 -> 36 | G5: =SUMIF('Policy & Inventory'!$B$11:$B$30,"Maturity",'Policy & Inventory'!$P$11:$P$30) -> 6143.3559 | H5: =SUMIF('Policy & Inventory'!$B$11:$B$30,"Maturity",'Policy & Inventory'!$R$11:$R$30) -> 9177.83 | I5: =SUMIF('Policy & Inventory'!$B$11:$B$30,"Maturity",'Policy & Inventory'!$S$11:$S$30) -> 3034.4741 | J5: Inventory turns / GMROI
A6: Decline | B6: =COUNTIF(Classification!$K$3:$K$22,"Decline") -> 4 | C6: =IFERROR(AVERAGEIF(Classification!$K$3:$K$22,"Decline",Classification!$F$3:$F$22),0) -> 0.19994136 | D6: =INDEX('Policy & Inventory'!$B$3:$B$7,MATCH(A6,'Policy & Inventory'!$A$3:$A$7,0)) -> 0.92 | E6: =IFERROR(AVERAGEIF('Policy & Inventory'!$B$11:$B$30,"Decline",'Policy & Inventory'!$N$11:$N$30),0) -> 16.528268 | F6: ='Policy & Inventory'!$K$3 -> 36 | G6: =SUMIF('Policy & Inventory'!$B$11:$B$30,"Decline",'Policy & Inventory'!$P$11:$P$30) -> 708.19962 | H6: =SUMIF('Policy & Inventory'!$B$11:$B$30,"Decline",'Policy & Inventory'!$R$11:$R$30) -> 1516.49 | I6: =SUMIF('Policy & Inventory'!$B$11:$B$30,"Decline",'Policy & Inventory'!$S$11:$S$30) -> 808.29038 | J6: Slow-moving % / weeks of cover
A7: Exit | B7: =COUNTIF(Classification!$K$3:$K$22,"Exit") -> 3 | C7: =IFERROR(AVERAGEIF(Classification!$K$3:$K$22,"Exit",Classification!$F$3:$F$22),0) -> 0.26030496 | D7: =INDEX('Policy & Inventory'!$B$3:$B$7,MATCH(A7,'Policy & Inventory'!$A$3:$A$7,0)) -> 0.85 | E7: =IFERROR(AVERAGEIF('Policy & Inventory'!$B$11:$B$30,"Exit",'Policy & Inventory'!$N$11:$N$30),0) -> 10.771644 | F7: ='Policy & Inventory'!$K$3 -> 36 | G7: =SUMIF('Policy & Inventory'!$B$11:$B$30,"Exit",'Policy & Inventory'!$P$11:$P$30) -> 57.466001 | H7: =SUMIF('Policy & Inventory'!$B$11:$B$30,"Exit",'Policy & Inventory'!$R$11:$R$30) -> 191.58 | I7: =SUMIF('Policy & Inventory'!$B$11:$B$30,"Exit",'Policy & Inventory'!$S$11:$S$30) -> 134.114 | J7: Write-off value / residual stock
A8: TOTAL | B8: =SUM(B3:B7) -> 20 | G8: =SUM(G3:G7) -> 10534.426 | H8: =SUM(H3:H7) -> 14189.94 | I8: =SUM(I3:I7) -> 3655.5145
A11: HEADLINE - illustrative impact
A12: Blended days of cover - one-size baseline | E12: ='Policy & Inventory'!$K$3 -> 36
A13: Blended days of cover - lifecycle (demand-weighted) | E13: =SUMPRODUCT('Policy & Inventory'!N11:N30,'Policy & Inventory'!D11:D30)/SUM('Policy & Inventory'!D11:D30) -> 26.158064
A14: Total inventory - baseline (Rs L) | E14: =SUM('Policy & Inventory'!R11:R30) -> 14189.94
A15: Total inventory - lifecycle (Rs L) | E15: =SUM('Policy & Inventory'!P11:P30) -> 10534.426
A16: Working capital released (Rs L) | E16: =SUM('Policy & Inventory'!S11:S30) -> 3655.5145
A17: Working capital released (% of baseline) | E17: =SUM('Policy & Inventory'!S11:S30)/SUM('Policy & Inventory'!R11:R30) -> 0.2576131
